month,avg_temp,city,min_temp,max_temp
2022-01-01,28,South_Andaman,28,28
2022-02-01,28,South_Andaman,27,28
2022-03-01,28,South_Andaman,27,29
2022-04-01,29,South_Andaman,28,30
2022-05-01,29,South_Andaman,28,31
2022-06-01,26,South_Andaman,25,27
2022-07-01,28,South_Andaman,28,29
2022-08-01,28,South_Andaman,27,28
2022-09-01,28,South_Andaman,27,28
2022-10-01,27,South_Andaman,27,28
2022-11-01,28,South_Andaman,27,28
2022-12-01,28,South_Andaman,27,29
2022-01-01,26,Cachar,20,30
2022-02-01,27,Cachar,23,30
2022-03-01,26,Cachar,21,31
2022-04-01,26,Cachar,21,30
2022-05-01,28,Cachar,22,32
2022-06-01,28,Cachar,25,30
2022-07-01,28,Cachar,25,30
2022-08-01,30,Cachar,25,34
2022-09-01,29,Cachar,24,33
2022-10-01,27,Cachar,24,29
2022-11-01,27,Cachar,22,31
2022-12-01,28,Cachar,23,33
2022-01-01,21,Dhubri,14,25
2022-02-01,19,Dhubri,13,23
2022-03-01,27,Dhubri,18,32
2022-04-01,29,Dhubri,24,33
2022-05-01,28,Dhubri,22,31
2022-06-01,31,Dhubri,25,34
2022-07-01,30,Dhubri,25,32
2022-08-01,26,Dhubri,25,26
2022-09-01,27,Dhubri,25,28
2022-10-01,32,Dhubri,26,36
2022-11-01,25,Dhubri,19,31
2022-12-01,25,Dhubri,18,29
2022-01-01,19,Jorhat,13,24
2022-02-01,17,Jorhat,14,20
2022-03-01,25,Jorhat,17,30
2022-04-01,29,Jorhat,24,32
2022-05-01,27,Jorhat,22,30
2022-06-01,29,Jorhat,25,33
2022-07-01,27,Jorhat,24,31
2022-08-01,28,Jorhat,25,30
2022-09-01,26,Jorhat,25,28
2022-10-01,31,Jorhat,25,35
2022-11-01,24,Jorhat,17,29
2022-12-01,23,Jorhat,18,28
2022-01-01,19,"Sonitpur,Assam",12,24
2022-02-01,18,"Sonitpur,Assam",14,21
2022-03-01,27,"Sonitpur,Assam",17,33
2022-04-01,29,"Sonitpur,Assam",23,35
2022-05-01,26,"Sonitpur,Assam",22,30
2022-06-01,31,"Sonitpur,Assam",25,34
2022-07-01,29,"Sonitpur,Assam",25,32
2022-08-01,27,"Sonitpur,Assam",25,28
2022-09-01,27,"Sonitpur,Assam",25,29
2022-10-01,32,"Sonitpur,Assam",25,37
2022-11-01,26,"Sonitpur,Assam",18,31
2022-12-01,24,"Sonitpur,Assam",16,30
2022-01-01,24,PanchmahalsVadodara(Baroda),17,30
2022-02-01,24,PanchmahalsVadodara(Baroda),18,30
2022-03-01,23,PanchmahalsVadodara(Baroda),18,27
2022-04-01,25,PanchmahalsVadodara(Baroda),17,32
2022-05-01,20,PanchmahalsVadodara(Baroda),16,25
2022-06-01,21,PanchmahalsVadodara(Baroda),17,26
2022-07-01,18,PanchmahalsVadodara(Baroda),15,20
2022-08-01,16,PanchmahalsVadodara(Baroda),14,18
2022-09-01,18,PanchmahalsVadodara(Baroda),15,21
2022-10-01,20,PanchmahalsVadodara(Baroda),15,23
2022-11-01,20,PanchmahalsVadodara(Baroda),15,24
2022-12-01,21,PanchmahalsVadodara(Baroda),14,26
2022-01-01,17,Ambala,10,22
2022-02-01,17,Ambala,9,23
2022-03-01,21,Ambala,11,30
2022-04-01,35,Ambala,22,42
2022-05-01,41,Ambala,30,47
2022-06-01,42,Ambala,31,47
2022-07-01,33,Ambala,27,36
2022-08-01,31,Ambala,25,33
2022-09-01,33,Ambala,26,38
2022-10-01,30,Ambala,23,36
2022-11-01,26,Ambala,18,33
2022-12-01,21,Ambala,13,26
2022-01-01,18,Faridabad,12,23
2022-02-01,19,Faridabad,12,24
2022-03-01,24,Faridabad,15,29
2022-04-01,37,Faridabad,27,42
2022-05-01,42,Faridabad,34,48
2022-06-01,43,Faridabad,34,48
2022-07-01,32,Faridabad,27,34
2022-08-01,33,Faridabad,29,35
2022-09-01,35,Faridabad,31,40
2022-10-01,34,Faridabad,27,39
2022-11-01,30,Faridabad,22,35
2022-12-01,24,Faridabad,18,28
2022-01-01,18,Gurgaon,11,23
2022-02-01,19,Gurgaon,13,24
2022-03-01,23,Gurgaon,14,29
2022-04-01,37,Gurgaon,26,44
2022-05-01,42,Gurgaon,34,49
2022-06-01,43,Gurgaon,34,48
2022-07-01,32,Gurgaon,27,34
2022-08-01,32,Gurgaon,29,35
2022-09-01,36,Gurgaon,31,38
2022-10-01,34,Gurgaon,28,38
2022-11-01,30,Gurgaon,23,36
2022-12-01,24,Gurgaon,17,29
2022-01-01,15,Mewat,11,18
2022-02-01,16,Mewat,10,20
2022-03-01,16,Mewat,12,20
2022-04-01,19,Mewat,11,24
2022-05-01,19,Mewat,13,23
2022-06-01,24,Mewat,16,29
2022-07-01,20,Mewat,14,23
2022-08-01,18,Mewat,14,21
2022-09-01,18,Mewat,13,21
2022-10-01,16,Mewat,11,18
2022-11-01,16,Mewat,9,20
2022-12-01,15,Mewat,8,19
2022-01-01,15,Kangra,9,20
2022-02-01,16,Kangra,10,22
2022-03-01,19,Kangra,13,23
2022-04-01,33,Kangra,21,41
2022-05-01,40,Kangra,27,48
2022-06-01,42,Kangra,29,48
2022-07-01,30,Kangra,26,33
2022-08-01,29,Kangra,23,33
2022-09-01,31,Kangra,24,36
2022-10-01,29,Kangra,21,34
2022-11-01,26,Kangra,18,32
2022-12-01,19,Kangra,12,24
2022-01-01,24,Kullu,17,31
2022-02-01,20,Kullu,11,28
2022-03-01,27,Kullu,16,35
2022-04-01,34,Kullu,23,40
2022-05-01,37,Kullu,27,44
2022-06-01,35,Kullu,26,41
2022-07-01,32,Kullu,27,36
2022-08-01,25,Kullu,21,29
2022-09-01,29,Kullu,24,34
2022-10-01,33,Kullu,27,38
2022-11-01,30,Kullu,24,36
2022-12-01,29,Kullu,22,35
2022-01-01,22,Bangalore,18,24
2022-02-01,27,Bangalore,19,34
2022-03-01,27,Bangalore,17,34
2022-04-01,33,Bangalore,24,38
2022-05-01,33,Bangalore,23,39
2022-06-01,26,Bangalore,21,30
2022-07-01,25,Bangalore,20,29
2022-08-01,26,Bangalore,22,28
2022-09-01,26,Bangalore,22,30
2022-10-01,20,Bangalore,19,21
2022-11-01,21,Bangalore,18,23
2022-12-01,23,Bangalore,16,27
2022-01-01,28,Alappuzha,24,32
2022-02-01,28,Alappuzha,24,32
2022-03-01,29,Alappuzha,24,32
2022-04-01,29,Alappuzha,27,31
2022-05-01,30,Alappuzha,27,31
2022-06-01,26,Alappuzha,26,27
2022-07-01,28,Alappuzha,26,29
2022-08-01,26,Alappuzha,25,27
2022-09-01,26,Alappuzha,25,28
2022-10-01,27,Alappuzha,25,29
2022-11-01,27,Alappuzha,25,29
2022-12-01,28,Alappuzha,25,31
2022-01-01,28,Kannur,23,34
2022-02-01,28,Kannur,23,33
2022-03-01,29,Kannur,23,33
2022-04-01,30,Kannur,25,34
2022-05-01,32,Kannur,27,36
2022-06-01,27,Kannur,26,29
2022-07-01,27,Kannur,24,29
2022-08-01,26,Kannur,25,27
2022-09-01,27,Kannur,25,29
2022-10-01,27,Kannur,24,30
2022-11-01,28,Kannur,23,32
2022-12-01,28,Kannur,22,33
2022-01-01,29,"kasargod,kerala",23,33
2022-02-01,29,"kasargod,kerala",23,32
2022-03-01,30,"kasargod,kerala",23,35
2022-04-01,30,"kasargod,kerala",25,33
2022-05-01,30,"kasargod,kerala",25,33
2022-06-01,27,"kasargod,kerala",24,28
2022-07-01,28,"kasargod,kerala",25,31
2022-08-01,26,"kasargod,kerala",25,28
2022-09-01,25,"kasargod,kerala",24,27
2022-10-01,26,"kasargod,kerala",23,28
2022-11-01,26,"kasargod,kerala",24,29
2022-12-01,28,"kasargod,kerala",22,33
2022-01-01,28,Kollam,25,32
2022-02-01,28,Kollam,24,32
2022-03-01,29,Kollam,24,33
2022-04-01,29,Kollam,26,31
2022-05-01,30,Kollam,26,31
2022-06-01,26,Kollam,26,27
2022-07-01,27,Kollam,25,29
2022-08-01,26,Kollam,25,27
2022-09-01,26,Kollam,24,27
2022-10-01,26,Kollam,25,28
2022-11-01,27,Kollam,25,28
2022-12-01,28,Kollam,24,32
2022-01-01,29,Kottayam,22,35
2022-02-01,30,Kottayam,22,35
2022-03-01,30,Kottayam,21,38
2022-04-01,30,Kottayam,25,35
2022-05-01,30,Kottayam,26,33
2022-06-01,26,Kottayam,24,28
2022-07-01,27,Kottayam,23,30
2022-08-01,25,Kottayam,24,27
2022-09-01,26,Kottayam,24,29
2022-10-01,27,Kottayam,23,29
2022-11-01,27,Kottayam,23,30
2022-12-01,28,Kottayam,23,35
2022-01-01,29,Malappuram,21,36
2022-02-01,30,Malappuram,21,37
2022-03-01,31,Malappuram,20,40
2022-04-01,31,Malappuram,23,38
2022-05-01,31,Malappuram,23,38
2022-06-01,26,Malappuram,23,29
2022-07-01,28,Malappuram,23,31
2022-08-01,25,Malappuram,24,27
2022-09-01,27,Malappuram,23,32
2022-10-01,27,Malappuram,22,32
2022-11-01,27,Malappuram,20,34
2022-12-01,28,Malappuram,19,35
2022-01-01,29,"Thirssur,kerala",23,33
2022-02-01,29,"Thirssur,kerala",23,32
2022-03-01,30,"Thirssur,kerala",23,35
2022-04-01,30,"Thirssur,kerala",25,33
2022-05-01,30,"Thirssur,kerala",25,33
2022-06-01,27,"Thirssur,kerala",24,28
2022-07-01,28,"Thirssur,kerala",25,31
2022-08-01,26,"Thirssur,kerala",25,28
2022-09-01,25,"Thirssur,kerala",24,27
2022-10-01,26,"Thirssur,kerala",23,28
2022-11-01,26,"Thirssur,kerala",24,29
2022-12-01,28,"Thirssur,kerala",22,33
2022-01-01,29,Thiruvananthapuram,23,33
2022-02-01,29,Thiruvananthapuram,23,32
2022-03-01,30,Thiruvananthapuram,23,35
2022-04-01,30,Thiruvananthapuram,25,33
2022-05-01,30,Thiruvananthapuram,25,33
2022-06-01,27,Thiruvananthapuram,24,28
2022-07-01,28,Thiruvananthapuram,25,31
2022-08-01,26,Thiruvananthapuram,25,28
2022-09-01,25,Thiruvananthapuram,24,27
2022-10-01,26,Thiruvananthapuram,23,28
2022-11-01,26,Thiruvananthapuram,24,29
2022-12-01,28,Thiruvananthapuram,22,33
2022-01-01,25,Dhar,18,29
2022-02-01,29,Dhar,20,36
2022-03-01,30,Dhar,19,38
2022-04-01,37,Dhar,27,43
2022-05-01,37,Dhar,27,44
2022-06-01,32,Dhar,24,38
2022-07-01,30,Dhar,25,34
2022-08-01,30,Dhar,26,32
2022-09-01,31,Dhar,25,34
2022-10-01,22,Dhar,20,23
2022-11-01,23,Dhar,20,27
2022-12-01,26,Dhar,19,30
2022-01-01,23,Jhabua,15,29
2022-02-01,25,Jhabua,16,32
2022-03-01,30,Jhabua,19,37
2022-04-01,36,Jhabua,24,43
2022-05-01,38,Jhabua,27,45
2022-06-01,36,Jhabua,26,43
2022-07-01,28,Jhabua,25,30
2022-08-01,28,Jhabua,24,29
2022-09-01,25,Jhabua,24,26
2022-10-01,29,Jhabua,23,33
2022-11-01,28,Jhabua,19,35
2022-12-01,26,Jhabua,17,32
2022-01-01,17,Sheopur,12,22
2022-02-01,23,Sheopur,14,30
2022-03-01,26,Sheopur,16,33
2022-04-01,38,Sheopur,27,45
2022-05-01,41,Sheopur,32,47
2022-06-01,42,Sheopur,34,48
2022-07-01,26,Sheopur,25,27
2022-08-01,31,Sheopur,27,33
2022-09-01,32,Sheopur,26,36
2022-10-01,31,Sheopur,24,37
2022-11-01,27,Sheopur,19,34
2022-12-01,23,Sheopur,14,29
2022-01-01,23,Ahmednagar,15,30
2022-02-01,26,Ahmednagar,16,35
2022-03-01,31,Ahmednagar,20,38
2022-04-01,36,Ahmednagar,23,44
2022-05-01,38,Ahmednagar,26,46
2022-06-01,37,Ahmednagar,26,45
2022-07-01,31,Ahmednagar,27,33
2022-08-01,29,Ahmednagar,26,31
2022-09-01,30,Ahmednagar,26,34
2022-10-01,30,Ahmednagar,23,36
2022-11-01,30,Ahmednagar,21,36
2022-12-01,26,Ahmednagar,17,33
2022-01-01,28,"Buldhana,maharashtra",25,32
2022-02-01,27,"Buldhana,maharashtra",17,34
2022-03-01,31,"Buldhana,maharashtra",21,38
2022-04-01,40,"Buldhana,maharashtra",29,47
2022-05-01,42,"Buldhana,maharashtra",33,47
2022-06-01,40,"Buldhana,maharashtra",31,46
2022-07-01,30,"Buldhana,maharashtra",27,32
2022-08-01,29,"Buldhana,maharashtra",28,30
2022-09-01,29,"Buldhana,maharashtra",25,32
2022-10-01,28,"Buldhana,maharashtra",23,34
2022-11-01,25,"Buldhana,maharashtra",16,30
2022-12-01,25,"Buldhana,maharashtra",15,31
2022-01-01,26,"Jalgaon,maharashtra",18,32
2022-02-01,27,"Jalgaon,maharashtra",17,34
2022-03-01,32,"Jalgaon,maharashtra",23,38
2022-04-01,38,"Jalgaon,maharashtra",27,45
2022-05-01,40,"Jalgaon,maharashtra",30,46
2022-06-01,37,"Jalgaon,maharashtra",29,42
2022-07-01,31,"Jalgaon,maharashtra",26,34
2022-08-01,29,"Jalgaon,maharashtra",25,33
2022-09-01,28,"Jalgaon,maharashtra",26,30
2022-10-01,29,"Jalgaon,maharashtra",23,35
2022-11-01,26,"Jalgaon,maharashtra",18,32
2022-12-01,26,"Jalgaon,maharashtra",17,32
2022-01-01,25,"Kolhapur,maharashtra",19,30
2022-02-01,28,"Kolhapur,maharashtra",18,36
2022-03-01,30,"Kolhapur,maharashtra",19,37
2022-04-01,35,"Kolhapur,maharashtra",22,43
2022-05-01,33,"Kolhapur,maharashtra",22,40
2022-06-01,29,"Kolhapur,maharashtra",23,33
2022-07-01,25,"Kolhapur,maharashtra",22,29
2022-08-01,26,"Kolhapur,maharashtra",21,29
2022-09-01,27,"Kolhapur,maharashtra",21,31
2022-10-01,25,"Kolhapur,maharashtra",21,29
2022-11-01,24,"Kolhapur,maharashtra",16,30
2022-12-01,25,"Kolhapur,maharashtra",16,32
2022-01-01,24,"Nagpur,maharashtra",15,30
2022-02-01,27,"Nagpur,maharashtra",17,34
2022-03-01,31,"Nagpur,maharashtra",21,38
2022-04-01,40,"Nagpur,maharashtra",29,47
2022-05-01,42,"Nagpur,maharashtra",33,47
2022-06-01,40,"Nagpur,maharashtra",31,46
2022-07-01,30,"Nagpur,maharashtra",27,32
2022-08-01,30,"Nagpur,maharashtra",26,33
2022-09-01,29,"Nagpur,maharashtra",25,32
2022-10-01,28,"Nagpur,maharashtra",23,34
2022-11-01,25,"Nagpur,maharashtra",16,30
2022-12-01,25,"Nagpur,maharashtra",15,31
2022-01-01,25,"Pune,maharashtra",18,29
2022-02-01,27,"Pune,maharashtra",17,35
2022-03-01,30,"Pune,maharashtra",20,36
2022-04-01,34,"Pune,maharashtra",24,42
2022-05-01,33,"Pune,maharashtra",23,40
2022-06-01,29,"Pune,maharashtra",24,36
2022-07-01,25,"Pune,maharashtra",23,27
2022-08-01,26,"Pune,maharashtra",22,29
2022-09-01,25,"Pune,maharashtra",22,28
2022-10-01,25,"Pune,maharashtra",20,29
2022-11-01,25,"Pune,maharashtra",17,31
2022-12-01,25,"Pune,maharashtra",16,32
2022-01-01,24,"Satara,maharashtra",18,29
2022-02-01,27,"Satara,maharashtra",17,34
2022-03-01,29,"Satara,maharashtra",19,35
2022-04-01,34,"Satara,maharashtra",23,41
2022-05-01,32,"Satara,maharashtra",22,39
2022-06-01,28,"Satara,maharashtra",22,33
2022-07-01,23,"Satara,maharashtra",21,25
2022-08-01,25,"Satara,maharashtra",20,28
2022-09-01,26,"Satara,maharashtra",22,30
2022-10-01,24,"Satara,maharashtra",20,28
2022-11-01,23,"Satara,maharashtra",16,29
2022-12-01,24,"Satara,maharashtra",15,31
2022-01-01,27,"Sholapur,maharashtra",22,30
2022-02-01,29,"Sholapur,maharashtra",20,35
2022-03-01,32,"Sholapur,maharashtra",23,37
2022-04-01,38,"Sholapur,maharashtra",27,44
2022-05-01,38,"Sholapur,maharashtra",28,44
2022-06-01,32,"Sholapur,maharashtra",28,38
2022-07-01,29,"Sholapur,maharashtra",25,33
2022-08-01,29,"Sholapur,maharashtra",24,31
2022-09-01,30,"Sholapur,maharashtra",25,34
2022-10-01,28,"Sholapur,maharashtra",23,31
2022-11-01,25,"Sholapur,maharashtra",18,30
2022-12-01,27,"Sholapur,maharashtra",17,33
2022-01-01,23,"Bishnupur,west_bengal",17,28
2022-02-01,25,"Bishnupur,west_bengal",17,30
2022-03-01,31,"Bishnupur,west_bengal",22,37
2022-04-01,32,"Bishnupur,west_bengal",26,37
2022-05-01,34,"Bishnupur,west_bengal",25,39
2022-06-01,36,"Bishnupur,west_bengal",29,41
2022-07-01,31,"Bishnupur,west_bengal",28,34
2022-08-01,31,"Bishnupur,west_bengal",28,34
2022-09-01,32,"Bishnupur,west_bengal",27,35
2022-10-01,29,"Bishnupur,west_bengal",27,31
2022-11-01,29,"Bishnupur,west_bengal",21,33
2022-12-01,28,"Bishnupur,west_bengal",19,33
2022-01-01,29,"Chandel,manipur",23,34
2022-02-01,27,"Chandel,manipur",21,32
2022-03-01,29,"Chandel,manipur",21,34
2022-04-01,30,"Chandel,manipur",24,34
2022-05-01,31,"Chandel,manipur",27,35
2022-06-01,29,"Chandel,manipur",27,30
2022-07-01,28,"Chandel,manipur",26,29
2022-08-01,28,"Chandel,manipur",26,30
2022-09-01,28,"Chandel,manipur",25,30
2022-10-01,25,"Chandel,manipur",24,27
2022-11-01,28,"Chandel,manipur",22,33
2022-12-01,29,"Chandel,manipur",22,34
2022-01-01,18,"Imphal_East,manipur",8,23
2022-02-01,14,"Imphal_East,manipur",5,21
2022-03-01,23,"Imphal_East,manipur",10,31
2022-04-01,25,"Imphal_East,manipur",17,30
2022-05-01,27,"Imphal_East,manipur",18,33
2022-06-01,27,"Imphal_East,manipur",20,31
2022-07-01,25,"Imphal_East,manipur",21,28
2022-08-01,25,"Imphal_East,manipur",20,29
2022-09-01,24,"Imphal_East,manipur",19,26
2022-10-01,27,"Imphal_East,manipur",19,31
2022-11-01,24,"Imphal_East,manipur",14,30
2022-12-01,22,"Imphal_East,manipur",14,29
2022-01-01,18,Imphal_West,8,23
2022-02-01,14,Imphal_West,5,21
2022-03-01,23,Imphal_West,10,31
2022-04-01,25,Imphal_West,17,30
2022-05-01,27,Imphal_West,18,33
2022-06-01,27,Imphal_West,20,31
2022-07-01,25,Imphal_West,21,28
2022-08-01,25,Imphal_West,20,29
2022-09-01,24,Imphal_West,19,26
2022-10-01,27,Imphal_West,19,31
2022-11-01,24,Imphal_West,14,30
2022-12-01,22,Imphal_West,14,29
2022-01-01,18,Thoubal,8,23
2022-02-01,14,Thoubal,5,21
2022-03-01,23,Thoubal,10,31
2022-04-01,25,Thoubal,17,30
2022-05-01,27,Thoubal,18,33
2022-06-01,27,Thoubal,20,31
2022-07-01,25,Thoubal,21,28
2022-08-01,25,Thoubal,20,29
2022-09-01,24,Thoubal,19,26
2022-10-01,27,Thoubal,19,31
2022-11-01,24,Thoubal,14,30
2022-12-01,22,Thoubal,14,29
2022-01-01,9,East_Khasi_Hills,8,11
2022-02-01,11,East_Khasi_Hills,6,14
2022-03-01,13,East_Khasi_Hills,8,16
2022-04-01,21,East_Khasi_Hills,14,26
2022-05-01,33,East_Khasi_Hills,24,39
2022-06-01,33,East_Khasi_Hills,24,39
2022-07-01,37,East_Khasi_Hills,28,43
2022-08-01,34,East_Khasi_Hills,25,39
2022-09-01,34,East_Khasi_Hills,24,39
2022-10-01,23,East_Khasi_Hills,16,29
2022-11-01,21,East_Khasi_Hills,13,27
2022-12-01,5,East_Khasi_Hills,2,7
2022-01-01,25,"gajapati,orissa",18,30
2022-02-01,27,"gajapati,orissa",18,33
2022-03-01,30,"gajapati,orissa",21,37
2022-04-01,32,"gajapati,orissa",26,38
2022-05-01,34,"gajapati,orissa",27,40
2022-06-01,37,"gajapati,orissa",29,45
2022-07-01,29,"gajapati,orissa",26,30
2022-08-01,32,"gajapati,orissa",29,35
2022-09-01,32,"gajapati,orissa",27,36
2022-10-01,30,"gajapati,orissa",25,35
2022-11-01,28,"gajapati,orissa",21,33
2022-12-01,27,"gajapati,orissa",19,33
2022-01-01,24,"Ganjam,orissa",18,30
2022-02-01,26,"Ganjam,orissa",17,33
2022-03-01,29,"Ganjam,orissa",20,37
2022-04-01,33,"Ganjam,orissa",24,41
2022-05-01,34,"Ganjam,orissa",25,41
2022-06-01,36,"Ganjam,orissa",30,41
2022-07-01,30,"Ganjam,orissa",28,35
2022-08-01,32,"Ganjam,orissa",28,36
2022-09-01,32,"Ganjam,orissa",27,37
2022-10-01,29,"Ganjam,orissa",25,33
2022-11-01,27,"Ganjam,orissa",20,32
2022-12-01,27,"Ganjam,orissa",20,33
2022-01-01,25,"Mayurbhanja,orissa",18,30
2022-02-01,27,"Mayurbhanja,orissa",18,33
2022-03-01,30,"Mayurbhanja,orissa",21,37
2022-04-01,32,"Mayurbhanja,orissa",26,38
2022-05-01,34,"Mayurbhanja,orissa",27,40
2022-06-01,37,"Mayurbhanja,orissa",29,45
2022-07-01,29,"Mayurbhanja,orissa",26,30
2022-08-01,32,"Mayurbhanja,orissa",29,35
2022-09-01,32,"Mayurbhanja,orissa",27,36
2022-10-01,30,"Mayurbhanja,orissa",25,35
2022-11-01,28,"Mayurbhanja,orissa",21,33
2022-12-01,27,"Mayurbhanja,orissa",19,33
2022-01-01,25,"Nowarangpur,orissa",18,30
2022-02-01,27,"Nowarangpur,orissa",18,33
2022-03-01,30,"Nowarangpur,orissa",21,37
2022-04-01,32,"Nowarangpur,orissa",26,38
2022-05-01,34,"Nowarangpur,orissa",27,40
2022-06-01,37,"Nowarangpur,orissa",29,45
2022-07-01,29,"Nowarangpur,orissa",26,30
2022-08-01,32,"Nowarangpur,orissa",29,35
2022-09-01,32,"Nowarangpur,orissa",27,36
2022-10-01,30,"Nowarangpur,orissa",25,35
2022-11-01,28,"Nowarangpur,orissa",21,33
2022-12-01,27,"Nowarangpur,orissa",19,33
2022-01-01,22,"Sundergarh,orissa",15,28
2022-02-01,24,"Sundergarh,orissa",14,31
2022-03-01,31,"Sundergarh,orissa",20,38
2022-04-01,36,"Sundergarh,orissa",22,45
2022-05-01,40,"Sundergarh,orissa",27,47
2022-06-01,42,"Sundergarh,orissa",32,49
2022-07-01,27,"Sundergarh,orissa",25,29
2022-08-01,30,"Sundergarh,orissa",27,34
2022-09-01,31,"Sundergarh,orissa",26,34
2022-10-01,29,"Sundergarh,orissa",24,33
2022-11-01,25,"Sundergarh,orissa",17,31
2022-12-01,25,"Sundergarh,orissa",15,31
2022-01-01,16,"Hoshiarpur,punjab",10,20
2022-02-01,16,"Hoshiarpur,punjab",9,22
2022-03-01,20,"Hoshiarpur,punjab",13,26
2022-04-01,34,"Hoshiarpur,punjab",21,42
2022-05-01,40,"Hoshiarpur,punjab",28,48
2022-06-01,42,"Hoshiarpur,punjab",30,48
2022-07-01,30,"Hoshiarpur,punjab",26,33
2022-08-01,30,"Hoshiarpur,punjab",23,33
2022-09-01,32,"Hoshiarpur,punjab",26,37
2022-10-01,30,"Hoshiarpur,punjab",23,35
2022-11-01,26,"Hoshiarpur,punjab",18,32
2022-12-01,20,"Hoshiarpur,punjab",13,24
2022-01-01,17,"Mansa,punjab",9,23
2022-02-01,17,"Mansa,punjab",9,24
2022-03-01,23,"Mansa,punjab",11,32
2022-04-01,36,"Mansa,punjab",21,45
2022-05-01,43,"Mansa,punjab",32,49
2022-06-01,43,"Mansa,punjab",32,49
2022-07-01,33,"Mansa,punjab",28,37
2022-08-01,32,"Mansa,punjab",28,35
2022-09-01,34,"Mansa,punjab",28,40
2022-10-01,32,"Mansa,punjab",25,38
2022-11-01,30,"Mansa,punjab",20,37
2022-12-01,23,"Mansa,punjab",14,30
2022-01-01,17,"Muktsar,punjab",9,24
2022-02-01,18,"Muktsar,punjab",9,24
2022-03-01,23,"Muktsar,punjab",11,32
2022-04-01,36,"Muktsar,punjab",21,45
2022-05-01,43,"Muktsar,punjab",32,50
2022-06-01,42,"Muktsar,punjab",31,48
2022-07-01,34,"Muktsar,punjab",29,37
2022-08-01,32,"Muktsar,punjab",28,35
2022-09-01,34,"Muktsar,punjab",27,40
2022-10-01,34,"Muktsar,punjab",24,40
2022-11-01,30,"Muktsar,punjab",20,38
2022-12-01,22,"Muktsar,punjab",13,30
2022-01-01,17,"Tarntaran,punjab",11,22
2022-02-01,18,"Tarntaran,punjab",10,24
2022-03-01,23,"Tarntaran,punjab",13,31
2022-04-01,36,"Tarntaran,punjab",23,45
2022-05-01,43,"Tarntaran,punjab",30,50
2022-06-01,42,"Tarntaran,punjab",32,48
2022-07-01,38,"Tarntaran,punjab",32,43
2022-08-01,32,"Tarntaran,punjab",26,36
2022-09-01,36,"Tarntaran,punjab",29,42
2022-10-01,36,"Tarntaran,punjab",27,42
2022-11-01,29,"Tarntaran,punjab",20,36
2022-12-01,23,"Tarntaran,punjab",15,29
2022-01-01,17,"Jalore,rajasthan",11,22
2022-02-01,24,"Jalore,rajasthan",15,31
2022-03-01,26,"Jalore,rajasthan",15,33
2022-04-01,36,"Jalore,rajasthan",25,44
2022-05-01,40,"Jalore,rajasthan",28,47
2022-06-01,40,"Jalore,rajasthan",29,46
2022-07-01,26,"Jalore,rajasthan",25,27
2022-08-01,28,"Jalore,rajasthan",24,31
2022-09-01,29,"Jalore,rajasthan",24,33
2022-10-01,29,"Jalore,rajasthan",23,36
2022-11-01,29,"Jalore,rajasthan",20,36
2022-12-01,23,"Jalore,rajasthan",14,30
2022-01-01,17,"Tonk,rajasthan",11,21
2022-02-01,23,"Tonk,rajasthan",14,30
2022-03-01,25,"Tonk,rajasthan",16,32
2022-04-01,37,"Tonk,rajasthan",26,44
2022-05-01,41,"Tonk,rajasthan",30,47
2022-06-01,41,"Tonk,rajasthan",31,47
2022-07-01,25,"Tonk,rajasthan",24,26
2022-08-01,29,"Tonk,rajasthan",27,32
2022-09-01,34,"Tonk,rajasthan",28,38
2022-10-01,31,"Tonk,rajasthan",26,35
2022-11-01,30,"Tonk,rajasthan",21,36
2022-12-01,23,"Tonk,rajasthan",14,30
2022-01-01,25,Coimbatore,19,28
2022-02-01,28,Coimbatore,20,35
2022-03-01,29,Coimbatore,19,36
2022-04-01,33,Coimbatore,24,41
2022-05-01,32,Coimbatore,25,37
2022-06-01,28,Coimbatore,23,32
2022-07-01,29,Coimbatore,23,33
2022-08-01,26,Coimbatore,23,30
2022-09-01,28,Coimbatore,24,32
2022-10-01,27,Coimbatore,22,32
2022-11-01,26,Coimbatore,22,30
2022-12-01,25,Coimbatore,19,31
2022-01-01,23,Dharmapuri,19,27
2022-02-01,27,Dharmapuri,18,35
2022-03-01,28,Dharmapuri,16,36
2022-04-01,34,Dharmapuri,23,41
2022-05-01,34,Dharmapuri,26,39
2022-06-01,29,Dharmapuri,22,32
2022-07-01,30,Dharmapuri,24,34
2022-08-01,28,Dharmapuri,23,32
2022-09-01,27,Dharmapuri,22,32
2022-10-01,23,Dharmapuri,22,25
2022-11-01,23,Dharmapuri,20,26
2022-12-01,24,Dharmapuri,17,28
2022-01-01,25,Dindigul,20,28
2022-02-01,27,Dindigul,20,33
2022-03-01,28,Dindigul,18,35
2022-04-01,33,Dindigul,25,39
2022-05-01,35,Dindigul,25,41
2022-06-01,30,Dindigul,24,34
2022-07-01,30,Dindigul,25,34
2022-08-01,28,Dindigul,23,31
2022-09-01,27,Dindigul,23,30
2022-10-01,28,Dindigul,22,32
2022-11-01,25,Dindigul,20,27
2022-12-01,26,Dindigul,19,31
2022-01-01,26,Erode,20,30
2022-02-01,29,Erode,21,34
2022-03-01,30,Erode,19,38
2022-04-01,35,Erode,26,42
2022-05-01,34,Erode,26,42
2022-06-01,31,Erode,25,35
2022-07-01,32,Erode,25,36
2022-08-01,29,Erode,24,33
2022-09-01,29,Erode,24,33
2022-10-01,28,Erode,24,33
2022-11-01,27,Erode,22,33
2022-12-01,26,Erode,19,32
2022-01-01,24,Krishnagiri,18,27
2022-02-01,27,Krishnagiri,18,33
2022-03-01,28,Krishnagiri,17,35
2022-04-01,34,Krishnagiri,24,41
2022-05-01,35,Krishnagiri,26,42
2022-06-01,29,Krishnagiri,22,34
2022-07-01,29,Krishnagiri,24,33
2022-08-01,29,Krishnagiri,23,32
2022-09-01,27,Krishnagiri,22,31
2022-10-01,22,Krishnagiri,21,23
2022-11-01,22,Krishnagiri,19,24
2022-12-01,23,Krishnagiri,17,27
2022-01-01,27,Madurai,22,30
2022-02-01,29,Madurai,21,34
2022-03-01,31,Madurai,21,38
2022-04-01,34,Madurai,26,39
2022-05-01,36,Madurai,28,40
2022-06-01,32,Madurai,27,36
2022-07-01,32,Madurai,27,36
2022-08-01,29,Madurai,26,33
2022-09-01,29,Madurai,25,31
2022-10-01,31,Madurai,25,36
2022-11-01,27,Madurai,23,29
2022-12-01,28,Madurai,21,33
2022-01-01,26,Namakkal,20,29
2022-02-01,29,Namakkal,20,36
2022-03-01,30,Namakkal,19,37
2022-04-01,34,Namakkal,25,39
2022-05-01,35,Namakkal,26,42
2022-06-01,30,Namakkal,24,34
2022-07-01,31,Namakkal,24,35
2022-08-01,28,Namakkal,24,32
2022-09-01,29,Namakkal,24,32
2022-10-01,28,Namakkal,23,33
2022-11-01,26,Namakkal,22,30
2022-12-01,26,Namakkal,19,31
2022-01-01,24,Salem,19,28
2022-02-01,29,Salem,19,36
2022-03-01,29,Salem,17,37
2022-04-01,33,Salem,23,39
2022-05-01,34,Salem,24,42
2022-06-01,28,Salem,22,32
2022-07-01,30,Salem,23,34
2022-08-01,27,Salem,22,31
2022-09-01,27,Salem,22,32
2022-10-01,26,Salem,21,30
2022-11-01,25,Salem,20,30
2022-12-01,25,Salem,17,31
2022-01-01,27,Sivaganga,22,30
2022-02-01,29,Sivaganga,22,35
2022-03-01,31,Sivaganga,21,38
2022-04-01,34,Sivaganga,27,40
2022-05-01,36,Sivaganga,29,43
2022-06-01,33,Sivaganga,28,36
2022-07-01,33,Sivaganga,29,37
2022-08-01,31,Sivaganga,27,33
2022-09-01,29,Sivaganga,26,33
2022-10-01,31,Sivaganga,26,35
2022-11-01,27,Sivaganga,23,29
2022-12-01,27,Sivaganga,21,31
2022-01-01,24,Vellore,20,27
2022-02-01,27,Vellore,18,35
2022-03-01,29,Vellore,17,37
2022-04-01,33,Vellore,23,40
2022-05-01,39,Vellore,28,46
2022-06-01,34,Vellore,24,39
2022-07-01,33,Vellore,27,37
2022-08-01,31,Vellore,25,36
2022-09-01,29,Vellore,23,33
2022-10-01,26,Vellore,22,29
2022-11-01,22,Vellore,21,25
2022-12-01,25,Vellore,19,29
2022-01-01,26,Villupuram,21,29
2022-02-01,28,Villupuram,20,34
2022-03-01,29,Villupuram,20,37
2022-04-01,33,Villupuram,25,40
2022-05-01,38,Villupuram,28,46
2022-06-01,35,Villupuram,27,40
2022-07-01,35,Villupuram,29,38
2022-08-01,32,Villupuram,27,36
2022-09-01,30,Villupuram,25,35
2022-10-01,28,Villupuram,26,32
2022-11-01,25,Villupuram,23,28
2022-12-01,27,Villupuram,21,31
2022-01-01,25,Karimnagar,17,32
2022-02-01,27,Karimnagar,17,34
2022-03-01,31,Karimnagar,19,38
2022-04-01,37,Karimnagar,25,45
2022-05-01,40,Karimnagar,32,45
2022-06-01,38,Karimnagar,30,43
2022-07-01,31,Karimnagar,27,34
2022-08-01,29,Karimnagar,26,32
2022-09-01,30,Karimnagar,25,33
2022-10-01,26,Karimnagar,24,29
2022-11-01,24,Karimnagar,17,28
2022-12-01,26,Karimnagar,16,32
2022-01-01,23,North_Tripura,15,29
2022-02-01,22,North_Tripura,13,28
2022-03-01,28,North_Tripura,20,34
2022-04-01,27,North_Tripura,24,30
2022-05-01,33,North_Tripura,26,38
2022-06-01,30,North_Tripura,25,33
2022-07-01,29,North_Tripura,24,31
2022-08-01,29,North_Tripura,25,32
2022-09-01,30,North_Tripura,25,33
2022-10-01,28,North_Tripura,26,29
2022-11-01,28,North_Tripura,22,33
2022-12-01,26,North_Tripura,18,32
2022-01-01,17,Agra,11,23
2022-02-01,20,Agra,12,25
2022-03-01,25,Agra,14,31
2022-04-01,38,Agra,26,46
2022-05-01,42,Agra,33,47
2022-06-01,43,Agra,35,49
2022-07-01,30,Agra,27,32
2022-08-01,33,Agra,30,37
2022-09-01,35,Agra,32,39
2022-10-01,33,Agra,27,37
2022-11-01,29,Agra,21,34
2022-12-01,23,Agra,16,29
2022-01-01,17,Aligarh,10,21
2022-02-01,19,Aligarh,11,25
2022-03-01,22,Aligarh,13,30
2022-04-01,37,Aligarh,24,45
2022-05-01,41,Aligarh,32,48
2022-06-01,43,Aligarh,33,49
2022-07-01,32,Aligarh,26,34
2022-08-01,33,Aligarh,29,36
2022-09-01,35,Aligarh,30,39
2022-10-01,32,Aligarh,25,38
2022-11-01,28,Aligarh,20,33
2022-12-01,23,Aligarh,15,28
2022-01-01,17,Baghpat,9,22
2022-02-01,17,Baghpat,10,24
2022-03-01,22,Baghpat,11,28
2022-04-01,36,Baghpat,22,45
2022-05-01,42,Baghpat,32,49
2022-06-01,43,Baghpat,32,48
2022-07-01,33,Baghpat,26,38
2022-08-01,32,Baghpat,26,35
2022-09-01,34,Baghpat,28,38
2022-10-01,32,Baghpat,24,37
2022-11-01,28,Baghpat,20,35
2022-12-01,22,Baghpat,14,29
2022-01-01,19,Bahraich,13,24
2022-02-01,18,Bahraich,11,25
2022-03-01,24,Bahraich,13,31
2022-04-01,36,Bahraich,25,44
2022-05-01,39,Bahraich,28,46
2022-06-01,42,Bahraich,32,49
2022-07-01,33,Bahraich,27,36
2022-08-01,32,Bahraich,26,36
2022-09-01,28,Bahraich,25,30
2022-10-01,31,Bahraich,24,36
2022-11-01,26,Bahraich,19,32
2022-12-01,22,Bahraich,15,28
2022-01-01,20,Ballia,14,25
2022-02-01,19,Ballia,10,23
2022-03-01,24,Ballia,14,31
2022-04-01,36,Ballia,25,44
2022-05-01,37,Ballia,29,46
2022-06-01,43,Ballia,34,49
2022-07-01,34,Ballia,28,37
2022-08-01,28,Ballia,27,30
2022-09-01,30,Ballia,27,33
2022-10-01,31,Ballia,26,35
2022-11-01,28,Ballia,20,33
2022-12-01,24,Ballia,15,30
2022-01-01,13,Bhadohi(Sant_Ravi_Nagar),9,18
2022-02-01,10,Bhadohi(Sant_Ravi_Nagar),5,15
2022-03-01,8,Bhadohi(Sant_Ravi_Nagar),3,11
2022-04-01,13,Bhadohi(Sant_Ravi_Nagar),10,15
2022-05-01,16,Bhadohi(Sant_Ravi_Nagar),12,18
2022-06-01,25,Bhadohi(Sant_Ravi_Nagar),18,29
2022-07-01,27,Bhadohi(Sant_Ravi_Nagar),20,31
2022-08-01,31,Bhadohi(Sant_Ravi_Nagar),23,35
2022-09-01,27,Bhadohi(Sant_Ravi_Nagar),21,31
2022-10-01,20,Bhadohi(Sant_Ravi_Nagar),16,22
2022-11-01,19,Bhadohi(Sant_Ravi_Nagar),15,21
2022-12-01,9,Bhadohi(Sant_Ravi_Nagar),6,12
2022-01-01,20,"Bulandshahar,uttar_pradesh",14,26
2022-02-01,20,"Bulandshahar,uttar_pradesh",11,25
2022-03-01,26,"Bulandshahar,uttar_pradesh",14,35
2022-04-01,38,"Bulandshahar,uttar_pradesh",25,46
2022-05-01,39,"Bulandshahar,uttar_pradesh",29,47
2022-06-01,44,"Bulandshahar,uttar_pradesh",33,50
2022-07-01,34,"Bulandshahar,uttar_pradesh",27,37
2022-08-01,32,"Bulandshahar,uttar_pradesh",28,34
2022-09-01,31,"Bulandshahar,uttar_pradesh",27,34
2022-10-01,32,"Bulandshahar,uttar_pradesh",25,37
2022-11-01,27,"Bulandshahar,uttar_pradesh",18,33
2022-12-01,24,"Bulandshahar,uttar_pradesh",15,30
2022-01-01,20,"Chitrakut,uttar_pradesh",14,26
2022-02-01,20,"Chitrakut,uttar_pradesh",11,25
2022-03-01,26,"Chitrakut,uttar_pradesh",14,35
2022-04-01,38,"Chitrakut,uttar_pradesh",25,46
2022-05-01,39,"Chitrakut,uttar_pradesh",29,47
2022-06-01,44,"Chitrakut,uttar_pradesh",33,50
2022-07-01,34,"Chitrakut,uttar_pradesh",27,37
2022-08-01,32,"Chitrakut,uttar_pradesh",28,34
2022-09-01,31,"Chitrakut,uttar_pradesh",27,34
2022-10-01,32,"Chitrakut,uttar_pradesh",25,37
2022-11-01,27,"Chitrakut,uttar_pradesh",18,33
2022-12-01,24,"Chitrakut,uttar_pradesh",15,30
2022-01-01,8,"Farukhabad,uttar_pradesh",7,10
2022-02-01,10,"Farukhabad,uttar_pradesh",5,14
2022-03-01,13,"Farukhabad,uttar_pradesh",7,17
2022-04-01,24,"Farukhabad,uttar_pradesh",16,30
2022-05-01,33,"Farukhabad,uttar_pradesh",25,38
2022-06-01,31,"Farukhabad,uttar_pradesh",24,35
2022-07-01,40,"Farukhabad,uttar_pradesh",32,45
2022-08-01,34,"Farukhabad,uttar_pradesh",27,38
2022-09-01,31,"Farukhabad,uttar_pradesh",23,37
2022-10-01,26,"Farukhabad,uttar_pradesh",20,30
2022-11-01,20,"Farukhabad,uttar_pradesh",13,24
2022-12-01,13,"Farukhabad,uttar_pradesh",10,14
2022-01-01,18,"Ghaziabad,uttar_pradesh",11,23
2022-02-01,19,"Ghaziabad,uttar_pradesh",12,24
2022-03-01,23,"Ghaziabad,uttar_pradesh",14,29
2022-04-01,37,"Ghaziabad,uttar_pradesh",26,43
2022-05-01,42,"Ghaziabad,uttar_pradesh",33,48
2022-06-01,43,"Ghaziabad,uttar_pradesh",35,49
2022-07-01,33,"Ghaziabad,uttar_pradesh",26,36
2022-08-01,33,"Ghaziabad,uttar_pradesh",28,36
2022-09-01,36,"Ghaziabad,uttar_pradesh",30,40
2022-10-01,33,"Ghaziabad,uttar_pradesh",27,38
2022-11-01,29,"Ghaziabad,uttar_pradesh",21,35
2022-12-01,23,"Ghaziabad,uttar_pradesh",16,27
2022-01-01,20,"Kannuj,uttar_pradesh",14,26
2022-02-01,20,"Kannuj,uttar_pradesh",11,25
2022-03-01,26,"Kannuj,uttar_pradesh",14,35
2022-04-01,38,"Kannuj,uttar_pradesh",26,46
2022-05-01,39,"Kannuj,uttar_pradesh",29,47
2022-06-01,44,"Kannuj,uttar_pradesh",33,50
2022-07-01,34,"Kannuj,uttar_pradesh",27,37
2022-08-01,32,"Kannuj,uttar_pradesh",28,34
2022-09-01,31,"Kannuj,uttar_pradesh",27,34
2022-10-01,32,"Kannuj,uttar_pradesh",25,36
2022-11-01,27,"Kannuj,uttar_pradesh",18,33
2022-12-01,24,"Kannuj,uttar_pradesh",15,30
2022-01-01,20,"Kanpur,uttar_pradesh",14,25
2022-02-01,20,"Kanpur,uttar_pradesh",12,25
2022-03-01,24,"Kanpur,uttar_pradesh",13,30
2022-04-01,38,"Kanpur,uttar_pradesh",26,46
2022-05-01,42,"Kanpur,uttar_pradesh",32,48
2022-06-01,44,"Kanpur,uttar_pradesh",35,49
2022-07-01,30,"Kanpur,uttar_pradesh",26,32
2022-08-01,34,"Kanpur,uttar_pradesh",29,37
2022-09-01,31,"Kanpur,uttar_pradesh",27,34
2022-10-01,32,"Kanpur,uttar_pradesh",25,36
2022-11-01,27,"Kanpur,uttar_pradesh",20,32
2022-12-01,23,"Kanpur,uttar_pradesh",15,28
2022-01-01,18,"Lakhimpur,uttar_pradesh",13,23
2022-02-01,19,"Lakhimpur,uttar_pradesh",11,25
2022-03-01,24,"Lakhimpur,uttar_pradesh",13,31
2022-04-01,36,"Lakhimpur,uttar_pradesh",23,44
2022-05-01,39,"Lakhimpur,uttar_pradesh",28,47
2022-06-01,43,"Lakhimpur,uttar_pradesh",31,50
2022-07-01,32,"Lakhimpur,uttar_pradesh",26,35
2022-08-01,32,"Lakhimpur,uttar_pradesh",27,36
2022-09-01,29,"Lakhimpur,uttar_pradesh",26,33
2022-10-01,30,"Lakhimpur,uttar_pradesh",24,35
2022-11-01,26,"Lakhimpur,uttar_pradesh",19,31
2022-12-01,22,"Lakhimpur,uttar_pradesh",15,28
2022-01-01,20,"Mau(Maunathbhanjan),uttar_pradesh",14,26
2022-02-01,19,"Mau(Maunathbhanjan),uttar_pradesh",10,24
2022-03-01,25,"Mau(Maunathbhanjan),uttar_pradesh",14,32
2022-04-01,37,"Mau(Maunathbhanjan),uttar_pradesh",25,45
2022-05-01,38,"Mau(Maunathbhanjan),uttar_pradesh",28,47
2022-06-01,43,"Mau(Maunathbhanjan),uttar_pradesh",33,48
2022-07-01,34,"Mau(Maunathbhanjan),uttar_pradesh",27,37
2022-08-01,30,"Mau(Maunathbhanjan),uttar_pradesh",28,33
2022-09-01,30,"Mau(Maunathbhanjan),uttar_pradesh",27,34
2022-10-01,31,"Mau(Maunathbhanjan),uttar_pradesh",25,37
2022-11-01,28,"Mau(Maunathbhanjan),uttar_pradesh",19,33
2022-12-01,24,"Mau(Maunathbhanjan),uttar_pradesh",15,30
2022-01-01,20,"Mirzapur,uttar_pradesh",13,26
2022-02-01,20,"Mirzapur,uttar_pradesh",11,26
2022-03-01,26,"Mirzapur,uttar_pradesh",15,33
2022-04-01,38,"Mirzapur,uttar_pradesh",26,45
2022-05-01,40,"Mirzapur,uttar_pradesh",29,46
2022-06-01,45,"Mirzapur,uttar_pradesh",34,50
2022-07-01,33,"Mirzapur,uttar_pradesh",27,37
2022-08-01,33,"Mirzapur,uttar_pradesh",29,36
2022-09-01,30,"Mirzapur,uttar_pradesh",26,33
2022-10-01,31,"Mirzapur,uttar_pradesh",25,35
2022-11-01,27,"Mirzapur,uttar_pradesh",19,32
2022-12-01,24,"Mirzapur,uttar_pradesh",15,30
2022-01-01,18,"Muradabad,uttar_pradesh",10,25
2022-02-01,18,"Muradabad,uttar_pradesh",10,26
2022-03-01,23,"Muradabad,uttar_pradesh",12,32
2022-04-01,36,"Muradabad,uttar_pradesh",23,44
2022-05-01,40,"Muradabad,uttar_pradesh",29,48
2022-06-01,43,"Muradabad,uttar_pradesh",30,50
2022-07-01,32,"Muradabad,uttar_pradesh",25,36
2022-08-01,32,"Muradabad,uttar_pradesh",24,36
2022-09-01,34,"Muradabad,uttar_pradesh",27,40
2022-10-01,30,"Muradabad,uttar_pradesh",22,36
2022-11-01,26,"Muradabad,uttar_pradesh",17,33
2022-12-01,22,"Muradabad,uttar_pradesh",15,26
2022-01-01,17,"Muzaffarnagar,uttar_pradesh",9,23
2022-02-01,18,"Muzaffarnagar,uttar_pradesh",10,24
2022-03-01,22,"Muzaffarnagar,uttar_pradesh",12,31
2022-04-01,36,"Muzaffarnagar,uttar_pradesh",22,45
2022-05-01,41,"Muzaffarnagar,uttar_pradesh",28,48
2022-06-01,43,"Muzaffarnagar,uttar_pradesh",31,49
2022-07-01,34,"Muzaffarnagar,uttar_pradesh",26,38
2022-08-01,31,"Muzaffarnagar,uttar_pradesh",24,35
2022-09-01,34,"Muzaffarnagar,uttar_pradesh",26,38
2022-10-01,30,"Muzaffarnagar,uttar_pradesh",22,36
2022-11-01,27,"Muzaffarnagar,uttar_pradesh",18,33
2022-12-01,21,"Muzaffarnagar,uttar_pradesh",14,25
2022-01-01,17,"Saharanpur,uttar_pradesh",10,23
2022-02-01,18,"Saharanpur,uttar_pradesh",9,24
2022-03-01,22,"Saharanpur,uttar_pradesh",12,30
2022-04-01,36,"Saharanpur,uttar_pradesh",22,45
2022-05-01,40,"Saharanpur,uttar_pradesh",28,48
2022-06-01,42,"Saharanpur,uttar_pradesh",30,49
2022-07-01,33,"Saharanpur,uttar_pradesh",27,38
2022-08-01,31,"Saharanpur,uttar_pradesh",25,35
2022-09-01,33,"Saharanpur,uttar_pradesh",26,37
2022-10-01,29,"Saharanpur,uttar_pradesh",22,35
2022-11-01,26,"Saharanpur,uttar_pradesh",18,32
2022-12-01,21,"Saharanpur,uttar_pradesh",14,25
2022-01-01,20,"Sonbhadra,uttar_pradesh",14,26
2022-02-01,20,"Sonbhadra,uttar_pradesh",11,25
2022-03-01,26,"Sonbhadra,uttar_pradesh",14,35
2022-04-01,38,"Sonbhadra,uttar_pradesh",25,46
2022-05-01,39,"Sonbhadra,uttar_pradesh",29,47
2022-06-01,44,"Sonbhadra,uttar_pradesh",33,50
2022-07-01,34,"Sonbhadra,uttar_pradesh",27,37
2022-08-01,32,"Sonbhadra,uttar_pradesh",28,34
2022-09-01,31,"Sonbhadra,uttar_pradesh",27,34
2022-10-01,32,"Sonbhadra,uttar_pradesh",25,37
2022-11-01,27,"Sonbhadra,uttar_pradesh",18,33
2022-12-01,24,"Sonbhadra,uttar_pradesh",15,30
2022-01-01,13,"Dehradoon,uttarakhand,",7,17
2022-02-01,16,"Dehradoon,uttarakhand,",10,21
2022-03-01,20,"Dehradoon,uttarakhand,",12,26
2022-04-01,32,"Dehradoon,uttarakhand,",21,40
2022-05-01,33,"Dehradoon,uttarakhand,",24,43
2022-06-01,37,"Dehradoon,uttarakhand,",25,44
2022-07-01,27,"Dehradoon,uttarakhand,",21,30
2022-08-01,26,"Dehradoon,uttarakhand,",20,29
2022-09-01,28,"Dehradoon,uttarakhand,",23,31
2022-10-01,26,"Dehradoon,uttarakhand,",19,32
2022-11-01,21,"Dehradoon,uttarakhand,",13,25
2022-12-01,19,"Dehradoon,uttarakhand,",14,24
2022-01-01,22,"Bankura,west_bengal",16,26
2022-02-01,23,"Bankura,west_bengal",15,30
2022-03-01,30,"Bankura,west_bengal",21,36
2022-04-01,34,"Bankura,west_bengal",25,41
2022-05-01,36,"Bankura,west_bengal",26,46
2022-06-01,39,"Bankura,west_bengal",30,47
2022-07-01,32,"Bankura,west_bengal",27,35
2022-08-01,28,"Bankura,west_bengal",26,29
2022-09-01,32,"Bankura,west_bengal",27,35
2022-10-01,30,"Bankura,west_bengal",26,33
2022-11-01,27,"Bankura,west_bengal",20,33
2022-12-01,26,"Bankura,west_bengal",17,32
2022-01-01,21,"Burdwan,west_bengal",16,25
2022-02-01,24,"Burdwan,west_bengal",15,30
2022-03-01,30,"Burdwan,west_bengal",21,36
2022-04-01,32,"Burdwan,west_bengal",25,38
2022-05-01,36,"Burdwan,west_bengal",26,45
2022-06-01,37,"Burdwan,west_bengal",29,42
2022-07-01,31,"Burdwan,west_bengal",28,34
2022-08-01,29,"Burdwan,west_bengal",24,32
2022-09-01,32,"Burdwan,west_bengal",27,35
2022-10-01,30,"Burdwan,west_bengal",27,33
2022-11-01,27,"Burdwan,west_bengal",20,32
2022-12-01,26,"Burdwan,west_bengal",17,32
2022-01-01,22,"Hooghly,west_bengal",16,25
2022-02-01,24,"Hooghly,west_bengal",16,30
2022-03-01,30,"Hooghly,west_bengal",21,36
2022-04-01,33,"Hooghly,west_bengal",24,39
2022-05-01,35,"Hooghly,west_bengal",25,41
2022-06-01,36,"Hooghly,west_bengal",29,39
2022-07-01,31,"Hooghly,west_bengal",27,34
2022-08-01,30,"Hooghly,west_bengal",26,32
2022-09-01,32,"Hooghly,west_bengal",27,35
2022-10-01,30,"Hooghly,west_bengal",27,33
2022-11-01,28,"Hooghly,west_bengal",21,33
2022-12-01,27,"Hooghly,west_bengal",18,33
2022-01-01,21,"Malda,west_bengal",14,25
2022-02-01,21,"Malda,west_bengal",14,26
2022-03-01,28,"Malda,west_bengal",19,34
2022-04-01,30,"Malda,west_bengal",25,36
2022-05-01,32,"Malda,west_bengal",27,37
2022-06-01,37,"Malda,west_bengal",30,42
2022-07-01,31,"Malda,west_bengal",27,34
2022-08-01,26,"Malda,west_bengal",26,27
2022-09-01,30,"Malda,west_bengal",26,32
2022-10-01,32,"Malda,west_bengal",29,36
2022-11-01,27,"Malda,west_bengal",21,32
2022-12-01,25,"Malda,west_bengal",17,31
2022-01-01,22,"Medinipur(W),west_bengal",16,25
2022-02-01,25,"Medinipur(W),west_bengal",16,31
2022-03-01,30,"Medinipur(W),west_bengal",22,37
2022-04-01,32,"Medinipur(W),west_bengal",25,38
2022-05-01,35,"Medinipur(W),west_bengal",27,43
2022-06-01,37,"Medinipur(W),west_bengal",29,44
2022-07-01,32,"Medinipur(W),west_bengal",28,35
2022-08-01,30,"Medinipur(W),west_bengal",26,32
2022-09-01,32,"Medinipur(W),west_bengal",27,36
2022-10-01,29,"Medinipur(W),west_bengal",26,32
2022-11-01,28,"Medinipur(W),west_bengal",20,32
2022-12-01,27,"Medinipur(W),west_bengal",18,33
2022-01-01,22,"Murshidabad,west_bengal",14,28
2022-02-01,22,"Murshidabad,west_bengal",14,28
2022-03-01,29,"Murshidabad,west_bengal",20,35
2022-04-01,31,"Murshidabad,west_bengal",25,35
2022-05-01,34,"Murshidabad,west_bengal",25,42
2022-06-01,37,"Murshidabad,west_bengal",29,42
2022-07-01,31,"Murshidabad,west_bengal",27,34
2022-08-01,28,"Murshidabad,west_bengal",25,31
2022-09-01,32,"Murshidabad,west_bengal",27,36
2022-10-01,32,"Murshidabad,west_bengal",28,35
2022-11-01,28,"Murshidabad,west_bengal",21,33
2022-12-01,26,"Murshidabad,west_bengal",18,32
2022-01-01,22,"Nadia,west_bengal",15,25
2022-02-01,23,"Nadia,west_bengal",15,29
2022-03-01,30,"Nadia,west_bengal",21,35
2022-04-01,31,"Nadia,west_bengal",25,38
2022-05-01,35,"Nadia,west_bengal",25,42
2022-06-01,37,"Nadia,west_bengal",29,41
2022-07-01,32,"Nadia,west_bengal",27,34
2022-08-01,29,"Nadia,west_bengal",25,32
2022-09-01,32,"Nadia,west_bengal",27,35
2022-10-01,31,"Nadia,west_bengal",27,35
2022-11-01,28,"Nadia,west_bengal",21,34
2022-12-01,27,"Nadia,west_bengal",18,33
2022-01-01,21,"Puruliya,west_bengal",15,25
2022-02-01,23,"Puruliya,west_bengal",14,30
2022-03-01,29,"Puruliya,west_bengal",20,34
2022-04-01,35,"Puruliya,west_bengal",23,43
2022-05-01,33,"Puruliya,west_bengal",25,45
2022-06-01,40,"Puruliya,west_bengal",29,46
2022-07-01,31,"Puruliya,west_bengal",27,34
2022-08-01,27,"Puruliya,west_bengal",26,28
2022-09-01,31,"Puruliya,west_bengal",26,35
2022-10-01,29,"Puruliya,west_bengal",25,32
2022-11-01,27,"Puruliya,west_bengal",19,32
2022-12-01,25,"Puruliya,west_bengal",17,31
2022-01-01,30,"Sounth_24_Parganas,west_bengal",21,36
2022-02-01,31,"Sounth_24_Parganas,west_bengal",24,36
2022-03-01,28,"Sounth_24_Parganas,west_bengal",23,32
2022-04-01,31,"Sounth_24_Parganas,west_bengal",23,36
2022-05-01,25,"Sounth_24_Parganas,west_bengal",20,30
2022-06-01,29,"Sounth_24_Parganas,west_bengal",22,32
2022-07-01,24,"Sounth_24_Parganas,west_bengal",20,26
2022-08-01,24,"Sounth_24_Parganas,west_bengal",21,26
2022-09-01,27,"Sounth_24_Parganas,west_bengal",20,31
2022-10-01,24,"Sounth_24_Parganas,west_bengal",20,27
2022-11-01,27,"Sounth_24_Parganas,west_bengal",21,31
2022-12-01,28,"Sounth_24_Parganas,west_bengal",20,34
2022-01-01,22,"Uttar_Dinajpur,west_bengal",16,26
2022-02-01,24,"Uttar_Dinajpur,west_bengal",16,28
2022-03-01,30,"Uttar_Dinajpur,west_bengal",21,36
2022-04-01,32,"Uttar_Dinajpur,west_bengal",24,37
2022-05-01,34,"Uttar_Dinajpur,west_bengal",26,40
2022-06-01,36,"Uttar_Dinajpur,west_bengal",29,39
2022-07-01,31,"Uttar_Dinajpur,west_bengal",27,33
2022-08-01,29,"Uttar_Dinajpur,west_bengal",26,33
2022-09-01,32,"Uttar_Dinajpur,west_bengal",27,35
2022-10-01,29,"Uttar_Dinajpur,west_bengal",26,31
2022-11-01,28,"Uttar_Dinajpur,west_bengal",21,33
2022-12-01,27,"Uttar_Dinajpur,west_bengal",19,32
month,avg_temp,city,min_temp,max_temp
2022-01-01,19,"sonitpur,assam",12,24
2022-02-01,17,"sonitpur,assam",14,20
2022-03-01,27,"sonitpur,assam",17,33
2022-04-01,29,"sonitpur,assam",23,35
2022-05-01,26,"sonitpur,assam",22,30
2022-06-01,29,"sonitpur,assam",24,33
2022-07-01,29,"sonitpur,assam",25,32
2022-08-01,27,"sonitpur,assam",25,28
2022-09-01,27,"sonitpur,assam",25,29
2022-10-01,32,"sonitpur,assam",25,37
2022-11-01,26,"sonitpur,assam",18,31
2022-12-01,24,"sonitpur,assam",16,30
2022-01-01,24,"panchmahals,gujarat",17,31
2022-02-01,27,"panchmahals,gujarat",18,35
2022-03-01,32,"panchmahals,gujarat",21,39
2022-04-01,35,"panchmahals,gujarat",24,42
2022-05-01,39,"panchmahals,gujarat",28,47
2022-06-01,38,"panchmahals,gujarat",27,45
2022-07-01,32,"panchmahals,gujarat",29,34
2022-08-01,30,"panchmahals,gujarat",27,32
2022-09-01,31,"panchmahals,gujarat",28,34
2022-10-01,31,"panchmahals,gujarat",26,36
2022-11-01,31,"panchmahals,gujarat",23,37
2022-12-01,27,"panchmahals,gujarat",18,34
2022-01-01,24,"vadodara(baroda),maharashtra",17,30
2022-02-01,24,"vadodara(baroda),maharashtra",18,30
2022-03-01,23,"vadodara(baroda),maharashtra",18,27
2022-04-01,25,"vadodara(baroda),maharashtra",17,32
2022-05-01,20,"vadodara(baroda),maharashtra",16,25
2022-06-01,21,"vadodara(baroda),maharashtra",17,26
2022-07-01,18,"vadodara(baroda),maharashtra",15,20
2022-08-01,16,"vadodara(baroda),maharashtra",14,18
2022-09-01,18,"vadodara(baroda),maharashtra",15,21
2022-10-01,20,"vadodara(baroda),maharashtra",15,23
2022-11-01,20,"vadodara(baroda),maharashtra",15,24
2022-12-01,21,"vadodara(baroda),maharashtra",14,26
2022-01-01,17,"panipat,haryana",9,22
2022-02-01,17,"panipat,haryana",10,23
2022-03-01,22,"panipat,haryana",11,29
2022-04-01,36,"panipat,haryana",22,45
2022-05-01,42,"panipat,haryana",32,49
2022-06-01,43,"panipat,haryana",32,48
2022-07-01,34,"panipat,haryana",27,39
2022-08-01,32,"panipat,haryana",27,35
2022-09-01,34,"panipat,haryana",28,39
2022-10-01,32,"panipat,haryana",24,37
2022-11-01,28,"panipat,haryana",20,35
2022-12-01,22,"panipat,haryana",14,29
2022-01-01,16,"sonipat,haryana",10,21
2022-02-01,18,"sonipat,haryana",11,24
2022-03-01,22,"sonipat,haryana",12,30
2022-04-01,36,"sonipat,haryana",23,45
2022-05-01,42,"sonipat,haryana",32,47
2022-06-01,43,"sonipat,haryana",32,48
2022-07-01,33,"sonipat,haryana",27,38
2022-08-01,32,"sonipat,haryana",27,36
2022-09-01,35,"sonipat,haryana",29,39
2022-10-01,33,"sonipat,haryana",26,38
2022-11-01,29,"sonipat,haryana",21,36
2022-12-01,23,"sonipat,haryana",15,29
2022-01-01,22,"bangalore,karnataka",18,24
2022-02-01,27,"bangalore,karnataka",19,34
2022-03-01,27,"bangalore,karnataka",17,34
2022-04-01,33,"bangalore,karnataka",24,38
2022-05-01,33,"bangalore,karnataka",23,39
2022-06-01,26,"bangalore,karnataka",21,30
2022-07-01,25,"bangalore,karnataka",20,29
2022-08-01,26,"bangalore,karnataka",22,28
2022-09-01,26,"bangalore,karnataka",22,30
2022-10-01,20,"bangalore,karnataka",19,21
2022-11-01,21,"bangalore,karnataka",18,23
2022-12-01,23,"bangalore,karnataka",16,27
2022-01-01,28,"kannur,kerala",23,34
2022-02-01,28,"kannur,kerala",23,33
2022-03-01,29,"kannur,kerala",23,33
2022-04-01,30,"kannur,kerala",25,34
2022-05-01,32,"kannur,kerala",27,36
2022-06-01,27,"kannur,kerala",26,29
2022-07-01,27,"kannur,kerala",24,29
2022-08-01,26,"kannur,kerala",25,27
2022-09-01,27,"kannur,kerala",25,29
2022-10-01,27,"kannur,kerala",24,30
2022-11-01,28,"kannur,kerala",23,32
2022-12-01,28,"kannur,kerala",22,33
2022-01-01,29,"thirssur,kerala",23,33
2022-02-01,29,"thirssur,kerala",23,32
2022-03-01,30,"thirssur,kerala",23,35
2022-04-01,30,"thirssur,kerala",25,33
2022-05-01,30,"thirssur,kerala",25,33
2022-06-01,27,"thirssur,kerala",24,28
2022-07-01,28,"thirssur,kerala",25,31
2022-08-01,26,"thirssur,kerala",25,28
2022-09-01,25,"thirssur,kerala",24,27
2022-10-01,26,"thirssur,kerala",23,28
2022-11-01,26,"thirssur,kerala",24,29
2022-12-01,28,"thirssur,kerala",22,33
2022-01-01,29,thiruvananthapuram/kerala,23,33
2022-02-01,29,thiruvananthapuram/kerala,23,32
2022-03-01,30,thiruvananthapuram/kerala,23,35
2022-04-01,30,thiruvananthapuram/kerala,25,33
2022-05-01,30,thiruvananthapuram/kerala,25,33
2022-06-01,27,thiruvananthapuram/kerala,24,28
2022-07-01,28,thiruvananthapuram/kerala,25,31
2022-08-01,26,thiruvananthapuram/kerala,25,28
2022-09-01,25,thiruvananthapuram/kerala,24,27
2022-10-01,26,thiruvananthapuram/kerala,23,28
2022-11-01,26,thiruvananthapuram/kerala,24,29
2022-12-01,28,thiruvananthapuram/kerala,22,33
2022-01-01,20,"sehore,madhya_pradesh",13,25
2022-02-01,23,"sehore,madhya_pradesh",15,29
2022-03-01,28,"sehore,madhya_pradesh",18,35
2022-04-01,37,"sehore,madhya_pradesh",26,43
2022-05-01,39,"sehore,madhya_pradesh",29,45
2022-06-01,38,"sehore,madhya_pradesh",30,44
2022-07-01,27,"sehore,madhya_pradesh",25,30
2022-08-01,28,"sehore,madhya_pradesh",23,31
2022-09-01,25,"sehore,madhya_pradesh",24,27
2022-10-01,28,"sehore,madhya_pradesh",22,32
2022-11-01,26,"sehore,madhya_pradesh",17,32
2022-12-01,23,"sehore,madhya_pradesh",14,30
2022-01-01,19,"raisen,madhya_pradesh",12,24
2022-02-01,23,"raisen,madhya_pradesh",14,31
2022-03-01,27,"raisen,madhya_pradesh",17,34
2022-04-01,37,"raisen,madhya_pradesh",26,44
2022-05-01,40,"raisen,madhya_pradesh",31,45
2022-06-01,40,"raisen,madhya_pradesh",32,45
2022-07-01,26,"raisen,madhya_pradesh",25,27
2022-08-01,29,"raisen,madhya_pradesh",24,32
2022-09-01,26,"raisen,madhya_pradesh",24,29
2022-10-01,29,"raisen,madhya_pradesh",23,34
2022-11-01,26,"raisen,madhya_pradesh",17,32
2022-12-01,22,"raisen,madhya_pradesh",13,29
2022-01-01,27,"sholapur,maharashtra",22,30
2022-02-01,29,"sholapur,maharashtra",20,35
2022-03-01,32,"sholapur,maharashtra",23,37
2022-04-01,38,"sholapur,maharashtra",27,44
2022-05-01,38,"sholapur,maharashtra",28,44
2022-06-01,32,"sholapur,maharashtra",28,38
2022-07-01,29,"sholapur,maharashtra",25,33
2022-08-01,29,"sholapur,maharashtra",24,31
2022-09-01,30,"sholapur,maharashtra",25,34
2022-10-01,28,"sholapur,maharashtra",23,31
2022-11-01,25,"sholapur,maharashtra",18,30
2022-12-01,27,"sholapur,maharashtra",17,33
2022-01-01,9,"east_khasi_hills,meghalaya",8,11
2022-02-01,11,"east_khasi_hills,meghalaya",6,14
2022-03-01,13,"east_khasi_hills,meghalaya",8,16
2022-04-01,21,"east_khasi_hills,meghalaya",14,26
2022-05-01,33,"east_khasi_hills,meghalaya",24,39
2022-06-01,33,"east_khasi_hills,meghalaya",24,39
2022-07-01,37,"east_khasi_hills,meghalaya",28,43
2022-08-01,34,"east_khasi_hills,meghalaya",25,39
2022-09-01,34,"east_khasi_hills,meghalaya",24,39
2022-10-01,23,"east_khasi_hills,meghalaya",16,29
2022-11-01,21,"east_khasi_hills,meghalaya",13,27
2022-12-01,5,"east_khasi_hills,meghalaya",2,7
2022-01-01,25,"mayurbhanja,orissa",18,30
2022-02-01,27,"mayurbhanja,orissa",18,33
2022-03-01,30,"mayurbhanja,orissa",21,37
2022-04-01,32,"mayurbhanja,orissa",26,38
2022-05-01,34,"mayurbhanja,orissa",27,40
2022-06-01,37,"mayurbhanja,orissa",29,45
2022-07-01,29,"mayurbhanja,orissa",26,30
2022-08-01,32,"mayurbhanja,orissa",29,35
2022-09-01,32,"mayurbhanja,orissa",27,36
2022-10-01,30,"mayurbhanja,orissa",25,35
2022-11-01,28,"mayurbhanja,orissa",21,33
2022-12-01,27,"mayurbhanja,orissa",19,33
2022-01-01,25,"nowarangpur,orissa",18,30
2022-02-01,27,"nowarangpur,orissa",18,33
2022-03-01,30,"nowarangpur,orissa",21,37
2022-04-01,32,"nowarangpur,orissa",26,38
2022-05-01,34,"nowarangpur,orissa",27,40
2022-06-01,37,"nowarangpur,orissa",29,45
2022-07-01,29,"nowarangpur,orissa",26,30
2022-08-01,32,"nowarangpur,orissa",29,35
2022-09-01,32,"nowarangpur,orissa",27,36
2022-10-01,30,"nowarangpur,orissa",25,35
2022-11-01,28,"nowarangpur,orissa",21,33
2022-12-01,27,"nowarangpur,orissa",19,33
2022-01-01,22,"sundergarh,orissa",15,28
2022-02-01,24,"sundergarh,orissa",14,31
2022-03-01,31,"sundergarh,orissa",20,38
2022-04-01,36,"sundergarh,orissa",22,45
2022-05-01,40,"sundergarh,orissa",27,47
2022-06-01,42,"sundergarh,orissa",32,49
2022-07-01,27,"sundergarh,orissa",25,29
2022-08-01,30,"sundergarh,orissa",27,34
2022-09-01,31,"sundergarh,orissa",26,34
2022-10-01,29,"sundergarh,orissa",24,33
2022-11-01,25,"sundergarh,orissa",17,31
2022-12-01,25,"sundergarh,orissa",15,31
2022-01-01,16,"firozpur,punjab",9,22
2022-02-01,17,"firozpur,punjab",8,24
2022-03-01,22,"firozpur,punjab",11,30
2022-04-01,35,"firozpur,punjab",20,44
2022-05-01,43,"firozpur,punjab",31,49
2022-06-01,42,"firozpur,punjab",31,48
2022-07-01,34,"firozpur,punjab",28,38
2022-08-01,32,"firozpur,punjab",28,35
2022-09-01,35,"firozpur,punjab",27,40
2022-10-01,33,"firozpur,punjab",24,40
2022-11-01,30,"firozpur,punjab",20,37
2022-12-01,21,"firozpur,punjab",13,27
2022-01-01,16,"ludhiana,punjab",9,22
2022-02-01,15,"ludhiana,punjab",8,20
2022-03-01,20,"ludhiana,punjab",11,25
2022-04-01,35,"ludhiana,punjab",20,44
2022-05-01,42,"ludhiana,punjab",30,48
2022-06-01,42,"ludhiana,punjab",32,49
2022-07-01,31,"ludhiana,punjab",27,34
2022-08-01,31,"ludhiana,punjab",24,35
2022-09-01,33,"ludhiana,punjab",27,38
2022-10-01,31,"ludhiana,punjab",24,37
2022-11-01,28,"ludhiana,punjab",19,35
2022-12-01,21,"ludhiana,punjab",13,26
2022-01-01,16,"jalandhar,punjab",10,21
2022-02-01,15,"jalandhar,punjab",9,19
2022-03-01,20,"jalandhar,punjab",11,24
2022-04-01,35,"jalandhar,punjab",20,44
2022-05-01,42,"jalandhar,punjab",29,49
2022-07-01,31,"jalandhar,punjab",27,34
2022-08-01,31,"jalandhar,punjab",24,35
2022-09-01,33,"jalandhar,punjab",27,38
2022-10-01,32,"jalandhar,punjab",24,37
2022-11-01,28,"jalandhar,punjab",19,35
2022-12-01,21,"jalandhar,punjab",13,28
2022-01-01,17,"tarntaran,punjab",11,22
2022-02-01,18,"tarntaran,punjab",10,24
2022-03-01,23,"tarntaran,punjab",13,31
2022-04-01,36,"tarntaran,punjab",23,45
2022-05-01,43,"tarntaran,punjab",30,50
2022-06-01,42,"tarntaran,punjab",32,48
2022-07-01,38,"tarntaran,punjab",32,43
2022-08-01,32,"tarntaran,punjab",26,36
2022-09-01,36,"tarntaran,punjab",29,42
2022-10-01,36,"tarntaran,punjab",27,42
2022-11-01,29,"tarntaran,punjab",20,36
2022-12-01,23,"tarntaran,punjab",15,29
2022-01-01,26,"villupuram,tamil_nadu",21,29
2022-02-01,28,"villupuram,tamil_nadu",20,34
2022-03-01,29,"villupuram,tamil_nadu",20,37
2022-04-01,33,"villupuram,tamil_nadu",25,40
2022-05-01,38,"villupuram,tamil_nadu",28,46
2022-06-01,35,"villupuram,tamil_nadu",27,40
2022-07-01,35,"villupuram,tamil_nadu",29,38
2022-08-01,32,"villupuram,tamil_nadu",27,36
2022-09-01,30,"villupuram,tamil_nadu",25,35
2022-10-01,28,"villupuram,tamil_nadu",26,32
2022-11-01,25,"villupuram,tamil_nadu",23,28
2022-12-01,27,"villupuram,tamil_nadu",21,31
2022-01-01,17,"meerut,uttar_pradesh",10,22
2022-02-01,18,"meerut,uttar_pradesh",11,25
2022-03-01,23,"meerut,uttar_pradesh",12,31
2022-04-01,36,"meerut,uttar_pradesh",24,45
2022-05-01,41,"meerut,uttar_pradesh",32,48
2022-06-01,43,"meerut,uttar_pradesh",33,49
2022-07-01,33,"meerut,uttar_pradesh",27,38
2022-08-01,32,"meerut,uttar_pradesh",26,36
2022-09-01,35,"meerut,uttar_pradesh",28,39
2022-10-01,32,"meerut,uttar_pradesh",25,37
2022-11-01,28,"meerut,uttar_pradesh",20,34
2022-12-01,22,"meerut,uttar_pradesh",15,26
2022-01-01,17,"baghpat,uttar_pradesh",9,22
2022-02-01,17,"baghpat,uttar_pradesh",10,24
2022-03-01,22,"baghpat,uttar_pradesh",11,28
2022-04-01,36,"baghpat,uttar_pradesh",22,45
2022-05-01,42,"baghpat,uttar_pradesh",32,49
2022-06-01,43,"baghpat,uttar_pradesh",32,48
2022-07-01,33,"baghpat,uttar_pradesh",26,38
2022-08-01,32,"baghpat,uttar_pradesh",26,35
2022-09-01,34,"baghpat,uttar_pradesh",28,38
2022-10-01,32,"baghpat,uttar_pradesh",24,37
2022-11-01,28,"baghpat,uttar_pradesh",20,35
2022-12-01,22,"baghpat,uttar_pradesh",14,29
2022-01-01,20,"bhadohi(sant_ravi_nagar),uttar_pradesh",14,26
2022-02-01,20,"bhadohi(sant_ravi_nagar),uttar_pradesh",11,25
2022-03-01,26,"bhadohi(sant_ravi_nagar),uttar_pradesh",14,32
2022-04-01,38,"bhadohi(sant_ravi_nagar),uttar_pradesh",26,46
2022-05-01,40,"bhadohi(sant_ravi_nagar),uttar_pradesh",29,48
2022-06-01,44,"bhadohi(sant_ravi_nagar),uttar_pradesh",34,50
2022-07-01,33,"bhadohi(sant_ravi_nagar),uttar_pradesh",27,37
2022-08-01,33,"bhadohi(sant_ravi_nagar),uttar_pradesh",29,36
2022-09-01,30,"bhadohi(sant_ravi_nagar),uttar_pradesh",26,33
2022-10-01,32,"bhadohi(sant_ravi_nagar),uttar_pradesh",26,36
2022-11-01,28,"bhadohi(sant_ravi_nagar),uttar_pradesh",19,33
2022-12-01,24,"bhadohi(sant_ravi_nagar),uttar_pradesh",15,30
2022-01-01,20,"chitrakut,uttar_pradesh",14,26
2022-02-01,20,"chitrakut,uttar_pradesh",11,25
2022-03-01,26,"chitrakut,uttar_pradesh",14,35
2022-04-01,38,"chitrakut,uttar_pradesh",25,46
2022-05-01,39,"chitrakut,uttar_pradesh",29,47
2022-06-01,44,"chitrakut,uttar_pradesh",33,50
2022-07-01,34,"chitrakut,uttar_pradesh",27,37
2022-08-01,32,"chitrakut,uttar_pradesh",28,34
2022-09-01,31,"chitrakut,uttar_pradesh",27,34
2022-10-01,32,"chitrakut,uttar_pradesh",25,37
2022-11-01,27,"chitrakut,uttar_pradesh",18,33
2022-12-01,24,"chitrakut,uttar_pradesh",15,30
2022-01-01,8,"farukhabad,uttar_pradesh",7,10
2022-02-01,10,"farukhabad,uttar_pradesh",5,14
2022-03-01,13,"farukhabad,uttar_pradesh",7,17
2022-04-01,24,"farukhabad,uttar_pradesh",16,30
2022-05-01,33,"farukhabad,uttar_pradesh",25,38
2022-06-01,31,"farukhabad,uttar_pradesh",24,35
2022-07-01,40,"farukhabad,uttar_pradesh",32,45
2022-08-01,34,"farukhabad,uttar_pradesh",27,38
2022-09-01,31,"farukhabad,uttar_pradesh",23,37
2022-10-01,26,"farukhabad,uttar_pradesh",20,30
2022-11-01,20,"farukhabad,uttar_pradesh",13,24
2022-12-01,13,"farukhabad,uttar_pradesh",10,14
2022-01-01,20,"kannuj,uttar_pradesh",14,26
2022-02-01,20,"kannuj,uttar_pradesh",11,25
2022-03-01,26,"kannuj,uttar_pradesh",14,35
2022-04-01,38,"kannuj,uttar_pradesh",25,46
2022-05-01,39,"kannuj,uttar_pradesh",29,47
2022-06-01,44,"kannuj,uttar_pradesh",33,50
2022-07-01,34,"kannuj,uttar_pradesh",27,37
2022-08-01,32,"kannuj,uttar_pradesh",28,34
2022-09-01,31,"kannuj,uttar_pradesh",27,34
2022-10-01,32,"kannuj,uttar_pradesh",25,37
2022-11-01,27,"kannuj,uttar_pradesh",18,33
2022-12-01,24,"kannuj,uttar_pradesh",15,30
2022-01-01,20,"kanpur,uttar_pradesh",14,25
2022-02-01,20,"kanpur,uttar_pradesh",12,25
2022-03-01,24,"kanpur,uttar_pradesh",13,30
2022-04-01,38,"kanpur,uttar_pradesh",26,46
2022-05-01,42,"kanpur,uttar_pradesh",32,48
2022-06-01,44,"kanpur,uttar_pradesh",35,49
2022-07-01,30,"kanpur,uttar_pradesh",26,32
2022-08-01,34,"kanpur,uttar_pradesh",29,37
2022-09-01,31,"kanpur,uttar_pradesh",27,34
2022-10-01,32,"kanpur,uttar_pradesh",25,36
2022-11-01,27,"kanpur,uttar_pradesh",20,32
2022-12-01,23,"kanpur,uttar_pradesh",15,28
2022-01-01,20,"mau(maunathbhanjan),uttar_pradesh",14,26
2022-02-01,19,"mau(maunathbhanjan),uttar_pradesh",10,24
2022-03-01,25,"mau(maunathbhanjan),uttar_pradesh",14,32
2022-04-01,37,"mau(maunathbhanjan),uttar_pradesh",25,45
2022-05-01,38,"mau(maunathbhanjan),uttar_pradesh",28,47
2022-06-01,43,"mau(maunathbhanjan),uttar_pradesh",33,48
2022-07-01,34,"mau(maunathbhanjan),uttar_pradesh",27,37
2022-08-01,30,"mau(maunathbhanjan),uttar_pradesh",28,33
2022-09-01,30,"mau(maunathbhanjan),uttar_pradesh",27,34
2022-10-01,31,"mau(maunathbhanjan),uttar_pradesh",25,37
2022-11-01,28,"mau(maunathbhanjan),uttar_pradesh",19,33
2022-12-01,24,"mau(maunathbhanjan),uttar_pradesh",15,30
2022-01-01,18,"muradabad,uttar_pradesh",10,25
2022-02-01,18,"muradabad,uttar_pradesh",10,26
2022-03-01,23,"muradabad,uttar_pradesh",12,32
2022-04-01,36,"muradabad,uttar_pradesh",23,44
2022-05-01,40,"muradabad,uttar_pradesh",29,48
2022-06-01,43,"muradabad,uttar_pradesh",30,50
2022-07-01,32,"muradabad,uttar_pradesh",25,36
2022-08-01,32,"muradabad,uttar_pradesh",24,36
2022-09-01,34,"muradabad,uttar_pradesh",27,40
2022-10-01,30,"muradabad,uttar_pradesh",22,36
2022-11-01,26,"muradabad,uttar_pradesh",17,33
2022-12-01,22,"muradabad,uttar_pradesh",15,26
2022-01-01,14,"dehradoon,uttarakhand",7,20
2022-02-01,16,"dehradoon,uttarakhand",10,21
2022-03-01,20,"dehradoon,uttarakhand",12,26
2022-04-01,33,"dehradoon,uttarakhand",23,40
2022-05-01,33,"dehradoon,uttarakhand",24,43
2022-06-01,38,"dehradoon,uttarakhand",25,45
2022-07-01,27,"dehradoon,uttarakhand",21,30
2022-08-01,27,"dehradoon,uttarakhand",20,32
2022-09-01,28,"dehradoon,uttarakhand",23,31
2022-10-01,26,"dehradoon,uttarakhand",19,32
2022-11-01,21,"dehradoon,uttarakhand",13,25
2022-12-01,19,"dehradoon,uttarakhand",14,24
2022-01-01,22,"medinipur(w),west_bengal",16,25
2022-02-01,25,"medinipur(w),west_bengal",16,31
2022-03-01,30,"medinipur(w),west_bengal",22,37
2022-04-01,32,"medinipur(w),west_bengal",25,38
2022-05-01,35,"medinipur(w),west_bengal",27,43
2022-06-01,37,"medinipur(w),west_bengal",29,44
2022-07-01,32,"medinipur(w),west_bengal",28,35
2022-08-01,30,"medinipur(w),west_bengal",26,32
2022-09-01,32,"medinipur(w),west_bengal",27,36
2022-10-01,29,"medinipur(w),west_bengal",26,32
2022-11-01,28,"medinipur(w),west_bengal",20,32
2022-12-01,27,"medinipur(w),west_bengal",18,33
2022-01-01,21,"puruliya,west_bengal",15,25
2022-02-01,23,"puruliya,west_bengal",14,30
2022-03-01,29,"puruliya,west_bengal",20,34
2022-04-01,35,"puruliya,west_bengal",23,43
2022-05-01,33,"puruliya,west_bengal",25,45
2022-06-01,40,"puruliya,west_bengal",29,46
2022-07-01,31,"puruliya,west_bengal",27,34
2022-08-01,27,"puruliya,west_bengal",26,28
2022-09-01,31,"puruliya,west_bengal",26,35
2022-10-01,29,"puruliya,west_bengal",25,32
2022-11-01,27,"puruliya,west_bengal",19,32
2022-12-01,25,"puruliya,west_bengal",17,31
2022-01-01,23,"south_24_parganas,west_bengal",17,28
2022-02-01,25,"south_24_parganas,west_bengal",17,30
2022-03-01,31,"south_24_parganas,west_bengal",22,37
2022-04-01,32,"south_24_parganas,west_bengal",26,37
2022-05-01,34,"south_24_parganas,west_bengal",25,39
2022-06-01,36,"south_24_parganas,west_bengal",29,41
2022-07-01,31,"south_24_parganas,west_bengal",28,34
2022-08-01,31,"south_24_parganas,west_bengal",28,34
2022-09-01,32,"south_24_parganas,west_bengal",27,35
2022-10-01,29,"south_24_parganas,west_bengal",27,31
2022-11-01,29,"south_24_parganas,west_bengal",21,33
2022-12-01,28,"south_24_parganas,west_bengal",19,33
2022-01-01,22,"uttar_dinajpur,west_bengal",16,26
2022-02-01,24,"uttar_dinajpur,west_bengal",16,28
2022-03-01,30,"uttar_dinajpur,west_bengal",21,36
2022-04-01,32,"uttar_dinajpur,west_bengal",24,37
2022-05-01,34,"uttar_dinajpur,west_bengal",26,40
2022-06-01,36,"uttar_dinajpur,west_bengal",29,39
2022-07-01,31,"uttar_dinajpur,west_bengal",27,33
2022-08-01,29,"uttar_dinajpur,west_bengal",26,33
2022-09-01,32,"uttar_dinajpur,west_bengal",27,35
2022-10-01,29,"uttar_dinajpur,west_bengal",26,31
2022-11-01,28,"uttar_dinajpur,west_bengal",21,33
2022-12-01,27,"uttar_dinajpur,west_bengal",19,32